Tank Name,Cost,BR,Type,Actual BR,Rank,Alias,Internal IDs,,,,,,,,
Ha-Go,8000,0.3 (1.0),LT,0.3,1,,jp_type_95_ha_go_commander | jp_sehatei_mod1 | jp_type_95_ha_go | cn_type_95_ha_go,,,,,,,,
M11/39,13000,0.3 (1.0),MT,0.3,1,,it_m11_39,,,,,,,,
L3/33 CC,11500,0.3 (1.0),LT/TD,0.3,1,L3/33,it_l3_cc,L3/33 {TKS},,,,,,,
FCM.36,10500,0.3 (1.0),LT,0.3,1,,fr_fcm_36,,,,,,,,
AMC.34 YR,5000,0.3 (1.0),LT,0.3,1,,fr_amc_34,,,,,,,,
T-60,10000,0.5,LT,0.5,1,,ussr_t_60_1941,,,,,,,,
T-26-4,11000,0.5,LT,0.5,1,,ussr_t_26_4,,,,,,,,
Pz.III B,15000,0.5,MT,0.5,1,,germ_pzkpfw_III_ausf_B,,,,,,,,
I-Go/Ko,16000,0.5,LT,0.5,1,,jp_type_89b_i_go_otsu,,,,,,,,
Chi-Ha,15000,0.5,MT,0.5,1,,cn_type_97_chi_ha | jp_type_97_chi_ha,,,,,,,,
M2 Medium,20000,0.7,MT,0.7,1,,us_m2_medium,,,,,,,,
L6/40,20000,0.7,LT,0.7,1,L6/40 {AH-IV},it_l6 | it_l6_leone,,,,,,,,
Vickers Mk.E,17000,0.7,LT,0.7,1,Vickers Mk.E {7TP},sw_vickers_mk_e_37,,,,,,,,
T-26E (FIN),20000,0.7,LT,0.7,1,,sw_vickers_mk_e_45,,,,,,,,
BM-8-24,48000,0.7,LT,0.7,1,,ussr_bm_8_24,,,,,,,,
M2A2,10900,0.7 (1.0),LT,0.7,1,M2A2 {6-Ton Twin},us_m2a2,,,,,,,,
H.35,10300,0.7 (1.0),LT,0.7,1,,fr_hotchkiss_h35,,,,,,,,
H.39,20000,0.7 (1.0),LT,0.7,1,,fr_hotchkiss_h39_cambronne | fr_hotchkiss_h39,,,,,,,,
R.35 (SA38),20000,0.7 (1.0),LT,0.7,1,,fr_renault_r39,,,,,,,,
AMR.35 ZT3,19000,0.7 (1.0),TD,0.7,1,,fr_amr_35_zt3,,,,,,,,
M2A4,20000,1.0,LT,1.0,1,,us_m2a4 | us_m2a4_1st_armor_div,,,,,,,,
BT-5,24000,1.0,LT,1.0,1,,ussr_bt_5 | cn_bt_5,,,,,,,,
T-26,20000,1.0,LT,1.0,1,,ussr_t_26_1940 | ussr_t_26_1940_1st_GvTBr | sw_vickers_mk_e_45 | cn_t_26_1940 | cn_t_26_no531,,,,,,,,
Pz.III E,20000,1.0,MT,1.0,1,,germ_pzkpfw_III_ausf_E | germ_pzkpfw_III_ausf_E_race,,,,,,,,
Pz.35 (t),20000,1.0,LT,1.0,1,Pz.35(t),germ_pzkpfw_35t_romania_mare | germ_pzkpfw_35t,,,,,,,,
A13 Mk. I,23000,1.0,LT,1.0,1,,uk_a_13_mk1 | uk_a_13_mk1_3rd_rtr,,,,,,,,
Tetrarch,21000,1.0,LT,1.0,1,,uk_a17_mk_1_tetrarch_race | uk_a17_mk_1_tetrarch,,,,,,,,
Ka-Mi,17000,1.0,LT,1.0,1,Ka-Mi {T-38},jp_type_2_ka_mi,,,,,,,,
Ke-Ni,18000,1.0,LT,1.0,1,,jp_type_98_ke_ni,,,,,,,,
Strv m/31,20000,1.0,LT,1.0,1,Strv m/31 {10TP},sw_strv_m31,,,,,,,,
Strv m/38,20000,1.0,LT,1.0,1,,sw_strv_m38,,,,,,,,
Strv m/39,20000,1.0,LT,1.0,1,,sw_strv_m39_td | sw_strv_m39,,,,,,,,
D2,25000,1.0,MT,1.0,1,,fr_renault_d2,,,,,,,,
S.35,23000,1.0 (1.3),MT,1.0,1,,fr_somua_s35,,,,,,,,
AMC.35 (ACG-1),23000,1.0 (1.3),LT,1.0,1,,fr_amc_35,,,,,,,,
M13/40 (I),20000,1.0 (2.0),MT,1.0,1,,it_m13_40_serie_1,,,,,,,,
M13/40 (II),20000,1.0 (2.0),MT,1.0,1,,it_m13_40_serie_2,,,,,,,,
M13/40 (III),20000,1.0 (2.0),MT,1.0,1,,it_m13_40_serie_3,,,,,,,,
BT-7,28000,1.3,LT,1.3,1,,ussr_bt_7_1937 | ussr_bt_7_1937_race | ussr_bt_7_1937_td,,,,,,,,
T-28 (1938),26000,1.3,LT,1.3,1,,ussr_t_28_1938,,,,,,,,
T-35,46000,1.3,HT,1.3,1,,ussr_t_35,,,,,,,,
Pz.IV C,36000,1.3,MT,1.3,1,,germ_pzkpfw_IV_ausf_C,,,,,,,,
Pz.II C,32000,1.3,LT,1.3,1,,germ_pzkpfw_II_ausf_C_DAK | germ_pzkpfw_II_ausf_C | germ_pzkpfw_II_ausf_C_td,,,,,,,,
Pz.II F,32000,1.3,LT,1.3,1,,germ_pzkpfw_II_ausf_F,,,,,,,,
Pz.38 (t) A,26000,1.3,LT,1.3,1,Pz.38(t) A,germ_pzkpfw_38t_ausf_A,,,,,,,,
Pz. Neubaufahrzeug,36000,1.3,MT,1.3,1,Nbfz.,germ_nbfz_VI,,,,,,,,
A13 Mk. II,26000,1.3,LT,1.3,1,,uk_a_13_mk2,,,,,,,,
A13 Mk. II (1939),34000,1.3,LT,1.3,1,A13 Mk II (1939),uk_a_13_mk2_1939,,,,,,,,
Vickers Independent,46000,1.3,HT,1.3,1,Independent,uk_a1e1_independent,,,,,,,,
Ro-Go,46000,1.3,HT,1.3,1,,jp_hiro_sha | jp_type_95_heavy,,,,,,,,
Toldi IIA,26000,1.3,LT,1.3,1,,it_toldi_II_a,,,,,,,,
RBT-5,44000,1.3,LT,1.3,1,,ussr_rbt_5,,,,,,,,
SAu 40,25000,1.3 (1.7),TD/SPG,1.3,2,,fr_somua_sau40,,,,,,,,
M14/41,36000,1.3 (2.0),MT,1.3,1,,it_m14_41,,,,,,,,
Strv m/40L,28000,1.3 (2.0),LT,1.3,1,Strv m/40L {14TP},sw_strv_m40l,,,,,,,,
T-26E,30000,1.5,LT,1.5,1,T-26E {9TP},ussr_t_26E,,,,,,,,
BT-42,30000,1.5,LT/SPG,1.5,1,,sw_bt_42,,,,,,,,
M3 Stuart,34000,1.7,LT,1.7,1,,us_m3_stuart,,,,,,,,
BT-7M,34000,1.7,LT,1.7,1,,ussr_bt_7_m,,,,,,,,
Stuart I,34000,1.7,LT,1.7,1,M3 Stuart,us_m3_stuart | uk_m3_stuart,,,,,,,,
Chi-Ha Short Gun,46000,1.7,MT/SPG,1.7,2,Chi-Ha SG,jp_type_97_chi_ha_12cm,,,,,,,,
Sav m/43 (1944),46000,1.7,TD/SPG,1.7,2,Sav m/43 (44),sw_sav_m43_1944,,,,,,,,
Char 2C,60000,1.7,HT,1.7,2,,fr_char_2c,,,,,,,,
75/18 M41,41000,1.5,TD/SPG,1.5,2,,it_semovente_m41_75_18,,,,,,,,
Pz.III F,46000,1.7 (1.3),MT,1.7,1,,germ_pzkpfw_III_ausf_F,,,,,,,,
Pz.38 (t) F,34000,1.7 (2.3),LT,1.7,1,Pz.38(t) F,germ_pzkpfw_38t_ausf_F,,,,,,,,
T-80,44000,2.0,LT,2.0,2,,ussr_t_80,,,,,,,,
SU-122,81000,2.5,TD,2.5,2,,ussr_su_122,,,,,,,,
T-28,56000,2.0,MT,2.0,2,,sw_t_28 | ussr_t_28,,,,,,,,
M22,44000,2.0,LT,2.0,2,M22 Locust,us_m22_locust_race | us_m22_locust,,,,,,,,
T-70,34000,1.7,LT,1.7,1,,ussr_t_70_1942,,,,,,,,
Pz.IV E,56000,2.0,MT,2.0,1,,germ_pzkpfw_IV_ausf_E,,,,,,,,
Pz.38 (t) n.A.,44000,2.0,LT,2.0,2,Pz.38(t) n.a,germ_pzkpfw_38t_na,,,,,,,,
Ka-Chi,56000,2.0,MT,2.0,1,,jp_type_3_ka_chi,,,,,,,,
Ho-I,56000,2.0,MT,2.0,2,,jp_type_2_ho_i,,,,,,,,
Sav m/43 (1946),56000,2.0,TD/SPG,2.0,2,Sav m/43 (46),sw_sav_m43_1946,,,,,,,,
Ho-Ni III,56000,2.0,TD,2.0,2,,jp_type_3_ho_ni_III,,,,,,,,
M14/41 (47/40),41000,1.5,MT,1.5,2,,it_m14_41_47_40,,,,,,,,
M15/42,46000,1.7,MT,1.7,2,,it_m15_42,,,,,,,,
M3A1 Stuart,44000,2.0 (2.3),LT,2.0,1,,us_m3a1_stuart | us_m3a1_stuart_usmc | uk_m3a1_stuart,,,,,,,,
Stuart III,44000,2.0 (2.3),LT,2.0,1,M3A1 Stuart,us_m3a1_stuart | us_m3a1_stuart_usmc | uk_m3a1_stuart,,,,,,,,
Chi-Ha-Kai,56000,2.0 (2.3),MT,2.0,2,,jp_type_97_kai | cn_type_97_kai | jp_type_97_kai_td,,,,,,,,
40M Turan I,56000,2.0 (2.3),MT,2.0,2,Turan I,it_40m_turan_1,,,,,,,,
41M Turan II,56000,2.0 (2.3),MT,2.0,2,Turan II,it_41m_turan_2,,,,,,,,
T-28E,72000,2.3,MT,2.3,2,,ussr_t_28E,,,,,,,,
T-50,56000,2.3,LT,2.3,2,,ussr_t_50 | sw_t_50_fin,,,,,,,,
SU-76D,72000,2.3,TD,2.3,2,,ussr_su_76d,,,,,,,,
Pz.III J,72000,2.3,MT,2.3,2,T-III,ussr_pzkpfw_III_ausf_J_L42 | uk_m3a1_stuart | germ_pzkpfw_III_ausf_J_L42,,,,,,,,
StuG III A,72000,2.3,TD/SPG,2.3,2,,germ_stug_III_ausf_A,,,,,,,,
Churchill AVRE,88000,2.3,HT,2.3,2,,uk_churchill_avre,,,,,,,,
Valentine Mk. I,72000,2.3,MT,2.3,2,Valentine I,uk_valentine_mk_9,,,,,,,,
75/32 M41,72000,2.3,TD/SPG,2.3,2,,it_semovente_m41_75_32,,,,,,,,
75/34 M42,72000,2.3,TD/SPG,2.3,2,,it_semovente_m42_75_34,,,,,,,,
Strv m/41 S-I,56000,2.3,LT,2.3,2,,sw_strv_m41_s1,,,,,,,,
B1 bis,88000,2.3,HT,2.3,2,,fr_b1_bis,,,,,,,,
Pz.IV F1,72000,2.3 (2.0),MT,2.3,2,,germ_pzkpfw_IV_ausf_F,,,,,,,,
M3A3 Stuart,56000,2.3 (2.7),LT,2.3,2,,cn_m3a3_stuart | fr_m3a3_stuart,,,,,,,,
M5A1 Stuart,56000,2.3 (2.7),LT,2.3,2,,us_m5a1_stuart | cn_m5a1_stuart | us_m5a1_stuart_td,,,,,,,,
Crusader Mk. II,56000,2.3 (2.7),LT,2.3,2,Crusader II,uk_crusader_mk_2_the_saint | fr_crusader_mk_2 | uk_crusader_mk_2,,,,,,,,
Chi-He,72000,2.3 (2.7),MT,2.3,2,,jp_type_1_chi_he | jp_type_1_chi_he_5th_regiment,,,,,,,,
Celere Sahariano,72000,2.3 (2.7),MT,2.3,2,Celere Sah.,it_sahariano,,,,,,,,
Strv m/41 S-II,56000,2.3 (2.7),LT,2.3,2,,sw_strv_m41_s2,,,,,,,,
Char 2C Bis,112000,2.5,HT,2.5,1,,fr_char_2c_bis,,,,,,,,
B1 ter,100000,2.5,HT,2.5,2,,fr_b1_ter,,,,,,,,
SU-57B,81000,2.5,TD,2.5,2,,ussr_su_57b,,,,,,,,
3in Gun Carrier,81000,2.5,TD,2.5,2,,uk_3_inch_gun_carrier,,,,,,,,
Valentine Mk. XI,81000,2.5,MT,2.5,2,Valentine XI,uk_valentine_mk_11,,,,,,,,
Lago I (APDS),81000,2.5,MT,2.5,2,Lago I,sw_lago_1,,,,,,,,
Strv m/42 EH,81000,2.5,MT,2.5,2,,sw_strv_m42_eh,,,,,,,,
M3 Lee,90000,2.7,MT,2.7,2,,us_m3_lee,,,,,,,,
Pz.III J1,90000,2.7,MT,2.7,2,MT. No. III {Pz.III J1},germ_pzkpfw_III_ausf_J | germ_pzkpfw_III_ausf_J_td,,,,,,,,
Grant I,90000,2.7,MT,2.7,2,M3 Grant,uk_mk1_grant | us_mk1_grant,,,,,,,,
Matilda III,112000,2.7,HT,2.7,2,,uk_a_12_mk_2_matilda_2,,,,,,,,
40/43M Zrinyi II,90000,2.7,TD,2.7,2,Zrinyi II,it_40_43m_zrinyi_2,,,,,,,,
Matilda Hedgehog,112000,2.7,HT,2.7,2,Matil. Hedgehog,uk_matilda_hedgehog,,,,,,,,
Valentine Mk. IX,90000,2.7,MT,2.7,2,MK-IX Valentine,ussr_valentine_mk_9,,,,,,,,
105/25 M43,90000,2.7,TD/SPG,2.7,2,,it_semovente_m43_105 | it_semovente_m43_105_leoncello,,,,,,,,
Pvkv IV,90000,2.7,PWMT,2.7,3,,sw_pvkv_iv,,,,,,,,
T-126,90000,2.7 (3.0),LT,2.7,2,,ussr_t_126sp,,,,,,,,
A.C.I,100000,2.7 (3.0),MT,2.7,2,,uk_ac1_sentinel,,,,,,,,
"MK-II ""Matilda""",140000,3.0,HT,3.0,2,,ussr_a_12_mk_2_matilda_2A_F96,,,,,,,,
BT-7A (F-32),86000,3.0,LT,3.0,2,,ussr_bt_7a_f32,,,,,,,,
Pz.III L,110000,3.0,MT,3.0,2,,germ_pzkpfw_III_ausf_L,,,,,,,,
Pz.III N,110000,3.0,MT,3.0,2,,germ_pzkpfw_III_ausf_N | it_pzkpfw_III_ausf_N,,,,,,,,
StuH 42 G,110000,3.0,TD/SPG,3.0,2,,germ_stuh_III_ausf_G,,,,,,,,
Crusader Mk. III,86000,3.0,LT,3.0,2,Crusader III,uk_crusader_mk_3,,,,,,,,
StuG III F,110000,3.0,TD,3.0,2,,germ_stug_III_ausf_F,,,,,,,,
75/34 M43,110000,3.0,TD/SPG,3.0,2,,it_semovente_m43_75_34 | it_semovente_m43_75_bersaglieri,,,,,,,,
M4A3 (105),125000,3.0 (2.7),MT,3.0,2,M4A3 (105) W,fr_m4a3_105_sherman | us_m4a3_105_sherman,,,,,,,,
Archer,110000,3.0 (2.7),TD,3.0,2,,uk_sp_17_pdr_valentine,,,,,,,,
Pz.III M,110000,3.0 (3.3),MT,3.0,2,,germ_pzkpfw_III_ausf_M,,,,,,,,
Churchill Mk. I,140000,3.0 (3.3),HT,3.0,2,Churchill I,uk_a_22_mk_1_churchill_1941,,,,,,,,
Chi-Nu,110000,3.0 (3.3),MT,3.0,2,,jp_type_3_chi_nu,,,,,,,,
M4A1,136000,3.3,MT,3.3,2,,us_m4a1_1942_sherman | fr_m4a1_sherman,,,,,,,,
T-34 (1940),136000,3.3,MT,3.3,2,,ussr_t_34_1941_l_11,,,,,,,,
Pz.IV F2,136000,3.3,MT,3.3,2,Pz.IV F2 {T-4},germ_pzkpfw_IV_ausf_F2,,,,,,,,
Cromwell V,136000,3.3,MT,3.3,3,,uk_a27m_cromwell_5,,,,,,,,
P40,136000,3.3,MT,3.3,2,,it_p_26_40 | it_p_40,,,,,,,,
Sav m/43 (1946),136000,3.3,PWTD/SPG,3.3,2,Sav m/43 (46) (HEAT),sw_sav_m43_1946,,,,,,,,
AMX-13 (FL11),104000,3.3,LT,3.3,3,AMX-13 (FL-11),fr_amx_13_fl_11,,,,,,,,
Cromwell V (RP-3),142000,3.3,MT,3.3,3,Crom V (RP-3),uk_a27m_cromwell_5_rp3,,,,,,,,
Pz.IV J,154000,3.5,MT,3.5,3,,germ_pzkpfw_IV_ausf_J,,,,,,,,
M24,114000,3.5,LT,3.5,2,M24 Chaffee,jp_m24_chaffee | us_m24_chaffee_tl | sw_m24_chaffee_dk | it_m24_chaffee |cn_m24_chaffee | us_m24_chaffee,,,,,,,,
AMX-13 (M24),114000,3.5,LT,3.5,2,,fr_amx_13_chaffee,,,,,,,,
M10 GMC,149000,3.5,TD,3.5,3,,us_m10 | fr_m10,,,,,,,,
SMK,190000,3.5,HT,3.5,3,O-I {SMK},ussr_smk,,,,,,,,
Pz.IV G,149000,3.5,MT,3.5,2,,germ_pzkpfw_IV_ausf_G,,,,,,,,
Pz.Bfw.IV J,154000,3.5,MT,3.5,3,,germ_panzerbefelhswagen_IV_ausf_J,,,,,,,,
Achilles,149000,3.5,TD,3.5,3,,uk_17_pdr_m10_achilles_norfolk_yeomanry | uk_17_pdr_m10_achilles,,,,,,,,
Pz.IV G (IT),154000,3.5,MT,3.5,3,,it_pzkpfw_IV_ausf_G,,,,,,,,
M4A4,162000,3.7,MT,3.7,3,,cn_m4a4_sherman | fr_m4a4_sherman,,,,,,,,
Sherman III/IV,162000,3.7,MT,3.7,3,,sw_sherman_3_4,,,,,,,,
M4A1 (75) W,162000,3.7,MT,3.7,3,,cn_m4a1_76w_sherman,,,,,,,,
Ram Mk II,162000,3.7,MT,3.7,2,Ram II,uk_m4a5_ram_2 | us_m4a5_ram_2,Ram Mk.II,M4A5,,,,,,
Sherman II,149000,3.5,MT,3.5,3,Sherman II (Grizzly),uk_sherman_II,,,,,,,,
T-34 (1941),162000,3.7,MT,3.7,2,,ussr_t_34_1941 | ussr_t_34_1941_cast_turret,,,,,,,,
KV-1 (L-11),208000,3.7,HT,3.7,2,,ussr_kv_1_L_11,,,,,,,,
KV-2 (1939),208000,3.7,HT,3.7,2,,ussr_kv_2_1939,,,,,,,,
Cromwell I,162000,3.7,MT,3.7,2,,uk_a27m_cromwell_1,,,,,,,,
Churchill Mk. III,208000,3.7,HT,3.7,3,Pz.Kpfw. Churchill,germ_infanterie_kampfpanzer_churchill | uk_a_22b_mk_3_churchill_1942,,,,,,,,
M4A4 (1st PTG),167000,3.7,MT,3.7,3,,cn_m4a4_sherman_1st_ptg,,,,,,,,
44M Zrinyi I,162000,3.7,TD,3.7,3,Zrinyi I,it_44m_zrinyi_1,,,,,,,,
PT-76,154000,3.7,PWLT,3.7,3,,cn_pt_76,ussr_pt_76,,,,,,,
Pz.IV H,162000,3.7,MT,3.7,3,,germ_pzkpfw_IV_ausf_H,,,,,,,,
Churchill NA75,208000,3.7,HT,3.7,3,,uk_churchill_na75,,,,,,,,
T-34 (1942),167000,3.7 (4.0),MT,3.7,3,,ussr_t_34_1942,,,,,,,,
Jagdpanzer 38 (t),192000,4.0,TD,4.0,3,Hetzer,germ_jgdpz_38t,,,,,,,,
M4,192000,4.0,MT,4.0,2,M4 Sherman,us_m4_sherman_promo | us_m4_sherman,,,,,,,,
KV-2 (1940),248000,4.0,HT,4.0,3,,ussr_kv_2_1940,,,,,,,,
KW II 754 (r),248000,4.0,HT,4.0,3,,germ_kv_2_754r,,,,,,,,
ARL-44 (ACL-1),248000,4.0,HT,4.0,3,,fr_arl_44_acl1,,,,,,,,
T-34E STZ,192000,4.0,MT,4.0,3,,ussr_t_34E_STZ,,,,,,,,
KV-1S,248000,4.0,HT,4.0,3,KV-1S {KV-1A},ussr_kv_1s,,,,,,,,
StuG III G,192000,4.0,TD,4.0,3,,it_stug_III_ausf_G | germ_stug_III_ausf_G,,,,,,,,
M4 Hybrid,192000,4.0,MT,4.0,2,,it_sherman_75_37,,,,,,,,
T-34E,197000,4.0,MT,4.0,3,,ussr_t_34E,,,,,,,,
M4 Sherman Calliope,200000,4.0,MT,4.0,3,Calliope,us_m4_sherman_calliope,,,,,,,,
PT-76B,204000,4.0,PWLT,4.0,3,,ussr_pt_76b,,,,,,,,
43M Turan III,192000,4.0 (3.7),MT,4.0,3,Turan III,it_43m_turan_3,,,,,,,,
T 34 747 (r),204000,4.0 (4.3),MT,4.0,3,,germ_t_34_747,,,,,,,,
Chi-Nu II,192000,4.0 (4.3),MT,4.0,3,,jp_type_3_chi_nu_75cm_type_5,,,,,,,,
M4A2,226000,4.3,MT,4.3,3,M4 748 (a),us_m4a2_1944 | us_m4a2_sherman | us_m4a2_1944_germ,,,,,,,,
KV-7 (U-13),248000,4.0,TD/A,4.3,3,,ussr_kv_7_u13,,,,,,,,
KV-1E,292000,4.3,HT,4.3,3,KV-1B,ussr_kv_1e,,,,,,,,
SU-85,226000,4.3,TD,4.3,3,,ussr_su_85_1943,,,,,,,,
Jagdpanzer IV,226000,4.3,TD,4.3,3,JPz.IV,germ_jgdpz_IV_L48,,,,,,,,
Excelsior,292000,4.3,HT,4.3,3,,uk_a_33_excelsior,,,,,,,,
Chi-To,226000,4.3 (4.7),MT,4.3,3,,jp_type_4_chi_to,,,,,,,,
75/46 M43,226000,4.3 (4.7),TD/SPG,4.3,3,,it_semovente_m43_75_46,,,,,,,,
Pvkv m/43 (1963),226000,4.3 (5.0),PWTD,4.3,3,,sw_pvkv_m43_1963,,,,,,,,
T14,316000,4.5,HT/A,4.5,3,,germ_leopard_2_pt14 | us_t14,,,,,,,,
KV-1 (ZiS-5),316000,4.5,HT,4.5,3,,ussr_kv_1_zis_5,,,,,,,,
SU-152,243000,4.5,TD/SPG,4.5,3,,ussr_su_152 | cn_isu_152 | ussr_isu_152,,,,,,,,
Jagdpanzer IV/70 (A),243000,4.5,TD,4.5,3,Pz.IV/70 (A),pz_IV_L70_A,JPz.IV/70 (A),,,,,,,
StuPz. IV 'Brummbar',243000,4.5,TD/SPG,4.5,3,Brummbär,germ_sturmpanzer_IV_brummbar,,,,,,,,
Chi-To Late,243000,4.5,MT,4.5,3,,jp_type_4_chi_to_late,,,,,,,,
M4A1 (76) W,260000,4.7,MT,4.7,3,,us_m4a1_76w_sherman,,,,,,,,
T-34-57,260000,4.7,MT,4.7,3,,ussr_t_34_1941_57,,,,,,,,
T-34-57 (1943),265000,4.7,MT,4.7,3,,ussr_t_34_57_1943,,,,,,,,
KV-1 (1942),340000,4.7,HT,4.7,3,Klimi,sw_kv_1_1942_fin,,,,,,,,
SU-100Y,260000,4.7,TD,4.7,3,,ussr_su_100Y,,,,,,,,
Avenger,260000,4.7,MT,4.7,3,,uk_a30_sp_avenger | uk_a30_sp_avenger_kit_3rank,,,,,,,,
Churchill Mk. VII,340000,4.7,HT,4.7,3,Churchill VII,uk_a_22f_mk_7_churchill_1944,,,,,,,,
Churchill Crocodile,340000,4.7,HT,4.7,3,,uk_a_22f_mk_7_churchill_crocodile,,,,,,,,
"Sherman IC ""Trzyniec""",265000,4.7,MT,4.7,3,Sherman IC,uk_sherman_ic_firefly,,,,,,,,
M4 Tipo IC,260000,4.7,MT,4.7,3,,it_sherman_VII,,,,,,,,
Sherman VC,260000,4.7,MT,4.7,3,Firefly,uk_sherman_vc_firefly_kit_3rank | uk_sherman_vc_firefly,,,,,,,,
KV-2 (ZiS-6),340000,4.7,HT,4.7,3,,ussr_kv_2_zis_6,,,,,,,,
M6A1,340000,4.7 (5.0),HT,4.7,3,,us_m6a1,,,,,,,,
Chi-Ri II,260000,4.7 (5.0),MT,4.7,3,,jp_type_5_chi_ri,,,,,,,,
KV-85,392000,5.0,HT,5.0,3,,ussr_kv_85,,,,,,,,
ISU-152,342000,5.0,TD/SPG,5.0,3,,cn_isu_152 | ussr_isu_152,,,,,,,,
T1E1,392000,5.0,HT,5.0,3,,us_t1e1,,,,,,,,
SU-85M,300000,5.0,TD,5.0,3,,ussr_su_85m,,,,,,,,
VK 30.02 M,300000,5.0,MT,5.0,3,,germ_vk_3002m,,,,,,,,
KW I C 756 (r),392000,5.0,HT,5.0,3,KW I C 756 (r) (Only 1),germ_kv_1_kwk_40,,,,,,,,
Comet,300000,5.0,MT,5.0,3,,sw_a_34_comet | uk_a_34_comet_iron_duke | uk_a_34_comet,,,,,,,,
TOG II,392000,5.0,HT,5.0,3,,uk_tog_2,,,,,,,,
Sherman VC (APDS),300000,5.0,MT,5.0,3,Sherman VC (Italy),it_sherman_vc_firefly,,,,,,,,
M4A1 (FL10),342000,5.0,PWMT,5.0,3,M4A1 (FL-10),fr_m4a1_sherman_fl_10,,,,,,,,
M4A4 (SA50),300000,5.0,MT,5.0,4,,fr_m4a4_cn_75_50,,,,,,,,
ISU-122,342000,5.0,TD,5.0,4,,cn_isu_122 | ussr_isu_122,,,,,,,,
M36B1,350000,5.3,TD,5.3,4,,it_m36b1,,,,,,,,
M4A2 (76) W,342000,5.3,MT,5.3,3,,us_m4a2_76w_sherman | ussr_m4a2_76w_sherman,,,,,,,,
M41A3,272000,5.3,PWLT,5.3,4,,cn_m41_a3_walker_bulldog,,,,,,,,
Jagdpanzer IV/70 (V),342000,5.3,TD,5.3,3,Pz.IV/70 (V),pz_IV_L70,Lang,JPz.IV/70 (V),,,,,,
VK 45.01 (P),448000,5.3,HT,5.3,4,,germ_pzkpfw_VI_tiger_P,,,,,,,,
Panther D,364000,5.3,MT,5.3,3,MT. No. V {Panther D},germ_pzkpfw_V_ausf_d_panther,,,,,,,,
A30 Challenger,342000,5.3,MT,5.3,3,Challenger,uk_a30_challenger,,,,,,,,
A.C.IV,342000,5.3,MT,5.3,3,,uk_ac4_thunderbolt,,,,,,,,
T-34-85 Gai,350000,5.5,MT,5.5,4,,cn_type_58,,,,,,,,
ISU-122S,364000,5.3,TD,5.3,4,,ussr_isu_122s,,,,,,,,
M36B2,342000,5.3,TD,5.3,4,,us_m36b2 | fr_m36b2_cefeo,,,,,,,,
Object 211,272000,5.3 (5.0),PWLT,5.3,4,,cn_object_211,,,,,,,,
T-34-85 (D-5T),342000,5.3 (5.0),MT,5.3,3,,ussr_t_34_85_d_5t,,,,,,,,
Strv m/42 DT,410000,5.3 (5.0),PWMT,5.3,3,Delat Torn,sw_strv_m42_delat_torn,,,,,,,,
M4A3 (76) W,342000,5.3 (5.7),MT,5.3,4,,us_m4a3e8_76w_sherman_kit_3rank | jp_m4a3e8_76w_sherman | us_m4a3e8_76w_sherman,,,,,,,,
T-34-85,342000,5.5,MT,5.5,4,,cn_t_34_85_zis_53_no215 | sw_t_34_85_zis_53 | ussr_t_34_85_zis_53_kit_3rank | ussr_t_34_85_zis_53_v80 | ussr_t_34_85_zis_53,,,,,,,,
T-34-85E,342000,5.5,MT,5.5,4,,ussr_t_34_85E,,,,,,,,
T-34-85 ('45),342000,5.5,MT,5.5,4,,ussr_t_34_85_zis_53_kit_3rank,,,,,,,,
T-34-85 (STP),342000,5.7,MT,5.7,4,,ussr_t_34_85_stp_s53,,,,,,,,
Strv 74,342000,5.3 (5.7),PWMT,5.3,4,,sw_strv_74,,,,,,,,
Type 63-I,272000,5.3 (6.3),PWLT,5.3,4,,cn_type_63_I,,,,,,,,
T1E1 (90 mm),478000,5.5,HT,5.5,3,,us_t1e1_90,,,,,,,,
M36 GMC,364000,5.5,TD,5.5,3,,us_m36,,,,,,,,
M4/T26,364000,5.5,MT,5.5,4,,us_m4_t26,,,,,,,,
M4A3E2,478000,5.5,HT/A,5.5,3,Jumbo,us_m4a3e2_sherman_jumbo | us_m4a3e2_sherman_jumbo_cobra_king | fr_m4a3e2_sherman_jumbo,,,,,,,,
IS-1,478000,5.5,HT,5.5,4,,ussr_is_1_kit_3rank | ussr_is_1,,,,,,,,
Pz. VI 'Tiger' H1,478000,5.5,HT,5.5,3,Tiger H1,germ_pzkpfw_VI_ausf_h1_tiger,,,,,,,,
M36B2 (JP),364000,5.5,TD,5.5,4,,jp_m36b2_jgsdf,,,,,,,,
Type 62,300000,5.5,PWLT,5.5,4,,cn_type_62 | ussr_type_62,,,,,,,,
T25,386000,5.7,MT,5.7,4,,us_t25,,,,,,,,
KV-122,508000,5.7,HT,5.7,4,,ussr_kv_122,,,,,,,,
PzBfw VI (P),508000,5.7,HT,5.7,4,,germ_panzerbefelhswagen_VI_P,,,,,,,,
Tiger Ost,508000,5.7,HT,5.7,3,,germ_pzkpfw_VI_ausf_h1_tiger_east,,,,,,,,
Tiger West,508000,5.7,HT,5.7,3,,germ_pzkpfw_VI_ausf_h1_tiger_west,,,,,,,,
HT. No. VI,508000,5.7,HT,5.7,3,,jp_pzkpfw_VI_ausf_e_tiger,,,,,,,,
ARL-44,415000,5.7,TD,5.7,3,,fr_arl_44,,,,,,,,
Charioteer,415000,5.7,PWMT,5.7,4,,uk_charioteer_mk_7 | sw_charioteer_mk_7,,,,,,no apds,,
ASU-85,415000,5.7,PWTD,5.7,4,,ussr_asu_85,,,,,,,,
T20,364000,5.5,MT,5.5,4,,us_t20,,,,,,,,
Panther A,420000,5.7 (6.0),MT,5.7,4,T-V,ussr_pzkpfw_V | germ_pzkpfw_V_ausf_a_panther,,,,,,,,
ST-A1,386000,5.7 (6.3),MBT,5.7,4,,jp_st_a1,,,,,,,,
ST-A2,386000,5.7 (6.3),MBT,5.7,4,,jp_st_a2,,,,,,,,
Tigris,582000,6.0,HT,6.0,4,,it_pzkpfw_VI_ausf_e_tiger,,,,,,,,
SU-122P,436000,6.0,TD,6.0,4,,ussr_su_122P,,,,,,,,
Pz. VI 'Tiger' E,572000,6.0,HT,6.0,4,Tiger E,germ_pzkpfw_VI_ausf_e_tiger,,,,,,,,
Panther G,436000,6.0,MT,6.0,4,Dauphine,germ_pzkpfw_V_ausf_g_panther,,,,,,,,
M41A1,384000,6.0,PWLT,6.0,4,,us_m41_walker_bulldog,,,,,,,,
SU-100,436000,6.0,TD,6.0,4,,cn_su_100_1945 | ussr_su_100_1945,,,,,,,,
Panther F,446000,6.0,MT,6.0,4,,germ_pzkpfw_V_ausf_f_panther,,,,,,,,
Black Prince,572000,6.0,HT,6.0,4,,uk_a_43_black_prince,,,,,,,,
Centurion Mk.1,436000,6.0,MT,6.0,4,,uk_centurion_mk_1,,,,,,,,
Type 61,446000,6.0,MBT,6.0,4,,jp_type_61_mod | jp_type_61,,,,,,,,
AMX-13,384000,6.0,PWLT,6.0,4,,il_amx_13_75 | fr_amx_13_75 | us_amx_13_75,,,,,,,,
KV-220,572000,6.0,HT,6.0,4,,ussr_kv_220,,,,,,,,
T-34-100,436000,6.0,MT,6.0,4,,ussr_t_34_100,,,,,,,,
M4A3E2 (76) W,572000,6.0 (6.3),HT/A,6.0,4,Jumbo 76,us_m4a3e2_76w_sherman_jumbo,,,,,,,,
T-44-122,436000,6.0 (6.3),MT,6.0,4,,ussr_t_44_122,,,,,,,,
IS-2,572000,6.0 (6.3),HT,6.0,4,,ussr_is_2_1943 | cn_is_2_1943 | cn_is_2_1943_no402,,,,,,,,
T-44,436000,6.0 (6.7),MT,6.0,4,,ussr_t_44,,,,,,,,
Object 248,572000,6.0 (6.7),HT,6.0,4,,ussr_object_248,,,,,,,,
Ho-Ri Prototype,572000,6.0 (6.7),TD,6.0,4,Ho-Ri Prot.,jp_type_5_ho_ri_prototype,,,,,,,,
ST-A3,464000,6.0 (6.7),MBT,6.0,4,,jp_st_a3,,,,,,,,
M26,486000,6.3,MT,6.3,4,M26 Pershing,us_m26_pershing | it_m26_ariete | fr_m26_pershing,,,,,,,,
M26A1,486000,6.3,MT,6.3,4,,it_m26a1_pershing,,,,,,,,
M26 T99,500000,6.3,MT,6.3,4,,us_m26_t99,,,,,,,,
M26E1,513000,6.5,MT,6.5,4,,us_m26e1_pershing,,,,,,,,
T26E5,676000,6.5,HT,6.5,4,,us_t26e5,,,,,,,,
T28 GMC,640000,6.3,TD/A,6.3,5,,us_t28,,,,,,,,
M46,513000,6.5,MBT,6.5,4,,us_m46_patton_73_armor_bat | us_m46_patton | fr_m46_patton,,,,,,,,
IS-2 (1944),676000,6.5,HT,6.5,4,,ussr_is_2_1944 | cn_is_2_1944,,,,,,,,
JPz. VI 'Elefant',690000,6.5,TD,6.5,4,Elefant,germ_panzerjager_tiger_P_elefant,,,,,,,,
JPz. VI 'Ferdinand',676000,6.5,TD,6.5,4,Ferdinand,germ_panzerjager_tiger_P_ferdinand,,,,,,,,
Tortoise,676000,6.5,TD/A,6.5,4,,uk_a39_tortoise,,,,,,,,
Centurion Mk.2,513000,6.5,MT,6.5,4,,uk_centurion_mk_2,,,,,,,,
T26E1-1,712000,6.7,HT,6.7,4,,us_t26e4_superpershing,,,,,,,,
Pz. VI B 'Tiger II' (P),712000,6.7,HT,6.7,4,Tiger II (P),germ_pzkpfw_VI_ausf_b_tiger_IIp,,,,,,,,
M6A2E1,712000,6.7,HT,6.7,4,,us_m6a2e1,,,,,,,,
M47,560000,6.7,MBT,6.7,5,**mKPz M47 G**,jp_m47_patton_II | germ_mkpz_m47 | us_m47_patton_II,,,,,,,,
M48,621000,6.7,MBT,6.7,5,,us_m48a1_patton_III | cn_m48a1_patton_III,,,,,,,,
M48A2 C,631000,6.7,MBT,6.7,5,,germ_mkpz_m48a2c,,,,,,,,
FV4202,621000,6.7,MBT,6.7,5,,uk_fv4202,,,,no apds,,,,
T-44-100,596000,7.0,MT,7.0,5,,ussr_t_44_100,,,,,,,,
Pz. VI B 'Tiger II' (H),788000,7.0,HT,7.0,5,Tiger II (H),germ_pzkpfw_VI_ausf_b_tiger_IIh,,,,,,,,
AMX M4,685000,7.0,MBT,7.0,5,,fr_amx_m4,,,,,,,,
T30,788000,7.0,HT,7.0,5,,us_t30,,,,,,,,
T34,788000,7.0,HT,7.0,5,,us_t34,,,,,,,,
JPz. VI 'Jagdtiger',788000,7.0,TD,7.0,5,Jagdtiger,germ_panzerjager_tiger,,,,,,,,
T95 GMC,788000,7.0,TD/A,7.0,5,,us_t95,,,,,,,,
T54E2,715000,7.0,MBT,7.0,5,,us_t54e2,,,,on agreement,,,,
Centurion AX,715000,7.0,MBT,7.0,5,,uk_centurion_action_x,,,,fine,,,,
"Pz. V ""Panther"" II",656000,7.3,MT,6.7,5,Panther II,germ_panther_II,,,,,,,,
Tiger II (H) Sla. 16,868000,7.3,HT,6.7,5,Tiger II Sla.16,germ_pzkpfw_VI_ausf_b_tiger_IIh_sla,,,,,,,,
Char 25T,571000,7.3,PWLT,7.3,5,Bat Chat,fr_bat_chat_25t,,,,,,,,
AMX-50-90,715000,7.3,MBT,7.3,5,,fr_amx_50_1950,,,,,,,,
IS-3,788000,7.3,HT,7.3,5,,ussr_is_3,,,,,,,,
T32,868000,7.3,HT,7.3,5,,us_t32,,,,,,,,
Centurion Mk.3,787000,7.3,MBT,7.3,5,,uk_centurion_mk_3,,,,fine,,,,
T29,910000,7.5,HT,7.5,5,,us_t29,,,,,,,,
SU-122-54,791000,7.5,PWTD,7.5,5,,ussr_su_122_54,,,,on agreement,,,,
Ho-Ri Production,910000,7.5,TD,7.5,5,Ho-Ri Prod.,jp_type_5_ho_ri_production,,,,,,,,
Tiger II (H) 10.5cm,910000,7.5,HT,7.0,5,Tiger II 105mm,germ_pzkpfw_VI_ausf_b_tiger_IIh_kwk46,KT105,,,,,,,
Centurion Mk.5/1,840000,7.5,MBT,7.5,5,,uk_centurion_mk_5_raac,,,,fine,,,,
T54E1,840000,7.5,MBT,7.5,5,,us_t54e1,,,,,,,,
Caernavon,900000,7.5,PWHT,7.5,5,,uk_fv221_caernarvon,,,,fine,,,,
T-54 (1947),828000,7.7,MBT,7.7,5,,ussr_t_54_1947,,,,,,,,
IS-6,952000,7.7,HT,7.7,5,,ussr_is_6,,,,,,,,
Lorraine 40T,840000,7.7,MBT,7.7,5,,fr_lorraine_40t,,,,,,,,
AMX-50,840000,7.7,MBT,7.7,5,AMX-50-100,fr_amx_50,,,,,,,,
AMX-50 Foch,900000,7.7,PWTD,7.7,5,Foch,fr_amx_50_foch,,,,,,,,
AMX-50 Surbaisse,900000,7.7,PWHT,7.7,5,AMX-50 Surbaisse,fr_amx_50_surbaisse,,,,,,,,
T32E1,952000,7.7,HT,7.7,5,,us_t32e1,,,,,,,,
T-54 (1949),903000,8.0,PWHT,8.0,5,,ussr_t_54_1949,,,,no apds,,,,
Somua SM,1040000,8.0,,8.0,5,,fr_somua_sm,,,,,,,,
Pz. VIII 'Maus',1096000,8.3,HT,8.3,5,Maus,germ_pzkpfw_Maus,,,,,,,,
M103,1096000,8.3,PWHT,8.3,5,,us_m103,,,,,,,,
T-54 (1951),996000,8.5,MBT,8.5,5,,ussr_t_54_1951,,,,on agreement,,,,
IS-4M,1150000,8.5,PWHT,8.5,5,,ussr_is_4m,,,,on agreement,,,,
Beutepanzer IV,14000,0.3,HT,0.3,1,,germ_beutepanzer_mk_iv_event | germ_beutepanzer_mk_iv,,,,,,,,
Mark V,14000,0.3,HT,0.3,1,,uk_mark_v | uk_mark_v_event,,,,,,,,
A7V,20000,0.5,HT,0.3,1,,germ_a7v_event | germ_a7v,,,,,,,,
St. Chamond,20000,0.5,TD,0.5,1,,uk_saint_chamond_event | fr_saint_chamond | uk_saint_chamond,,,,,,,,
Harry Hopkins,26000,1.3,LT,1.3,1,,uk_a25_mk_8,,,,,,,,
Sturmtiger,640000,6.3,TD/SPG,6.3,4,,germ_sturmmorser_sturmtiger,,,,,,,,
Sturmtiger {Karl},640000,6.3,TD/SPG,6.3,4,,germ_sturmmorser_sturmtiger,,,,,,,,
Sherman VC {UU},260000,4.7,MT,4.7,3,Firefly,uk_sherman_vc_firefly_kit_3rank | uk_sherman_vc_firefly,,,,,,,,
"MK-II ""Matilda"" {UU}",140000,3.0,HT,3.0,2,,ussr_a_12_mk_2_matilda_2A_F96,,,,,,,,
T 34 747 (r) {UU},204000,4.0 (4.3),MT,4.0,3,,germ_t_34_747,,,,,,,,
KW I C 756 (r) {UU},392000,5.0,HT,5.0,3,KW I C 756 (r) (Only 1),germ_kv_1_kwk_40,,,,,,,,
M41A1 {UU},384000,6.0,PWLT,6.0,4,,us_m41_walker_bulldog,,,,,,,,
M2A2 {6-Ton Twin},10900,0.7 (1.0),LT,0.7,1,M2A2 {6-Ton Twin},us_m2a2,,,,,,,,
L3/33 CC {C-Loyd Mk.VI},11500,0.3 (1.0),LT/TD,0.3,1,L3/33,it_l3_cc,L3/33 {TKS},,,,,,,
Ka-Mi {T-38},17000,1.0,LT,1.0,1,Ka-Mi {T-38},jp_type_2_ka_mi,,,,,,,,
Panther G {UU},436000,6.0,MT,6.0,4,Dauphine,germ_pzkpfw_V_ausf_g_panther,,,,,,,,
Pz.III J1 {MT. No. III},90000,2.7,MT,2.7,2,MT. No. III {Pz.III J1},germ_pzkpfw_III_ausf_J | germ_pzkpfw_III_ausf_J_td,,,,,,,,
Panther D {MT. No. V},364000,5.3,MT,5.3,3,MT. No. V {Panther D},germ_pzkpfw_V_ausf_d_panther,,,,,,,,
SMK {O-I},190000,3.5,HT,3.5,3,O-I {SMK},ussr_smk,,,,,,,,
Panther G {Dauphine},436000,6.0,MT,6.0,4,Dauphine,germ_pzkpfw_V_ausf_g_panther,,,,,,,,
Jagdpanzer 38 (t) {Chwat},192000,4.0,TD,4.0,3,Hetzer,germ_jgdpz_38t,,,,,,,,
CA Lorraine,415000,5.7,PWTD,5.7,4,,fr_lorraine_100,,,,,,,,
JPz. V 'Jagdpanther',486000,6.3 ,TD,6.3,4,Jagdpanther,germ_panzerbefelhswagen_jagdpanther | germ_panzerjager_panther,,,,,,,,
FV4005,600000,6.3,PWTD,6.3,4,,uk_fv4005,,,,,,,,
Super Hellcat,453000,6.0,LT/TD,6.0,4,M18-90,us_m18_super_hellcat,,,,,,,,
